# ************************************************************
# Sequel Pro SQL dump
# Version 4541
#
# http://www.sequelpro.com/
# https://github.com/sequelpro/sequelpro
#
# Host: 120.24.214.120 (MySQL 5.6.21-log)
# Database: kt_cms
# Generation Time: 2017-05-03 03:51:19 +0000
# ************************************************************


/*!40101 SET @OLD_CHARACTER_SET_CLIENT=@@CHARACTER_SET_CLIENT */;
/*!40101 SET @OLD_CHARACTER_SET_RESULTS=@@CHARACTER_SET_RESULTS */;
/*!40101 SET @OLD_COLLATION_CONNECTION=@@COLLATION_CONNECTION */;
/*!40101 SET NAMES utf8 */;
/*!40014 SET @OLD_FOREIGN_KEY_CHECKS=@@FOREIGN_KEY_CHECKS, FOREIGN_KEY_CHECKS=0 */;
/*!40101 SET @OLD_SQL_MODE=@@SQL_MODE, SQL_MODE='NO_AUTO_VALUE_ON_ZERO' */;
/*!40111 SET @OLD_SQL_NOTES=@@SQL_NOTES, SQL_NOTES=0 */;


# Dump of table kt_news
# ------------------------------------------------------------

DROP TABLE IF EXISTS `kt_news`;

CREATE TABLE `kt_news` (
  `id` int(11) unsigned NOT NULL AUTO_INCREMENT,
  `name` varchar(255) COLLATE utf8mb4_bin DEFAULT NULL,
  `writer` varchar(50) COLLATE utf8mb4_bin DEFAULT NULL,
  `p_time` int(11) DEFAULT '0',
  `content` text COLLATE utf8mb4_bin,
  `type_id` int(11) DEFAULT '0',
  `c_time` int(11) DEFAULT '0',
  `status` tinyint(1) DEFAULT NULL,
  `desc` varchar(255) COLLATE utf8mb4_bin NOT NULL,
  PRIMARY KEY (`id`)
) ENGINE=InnoDB DEFAULT CHARSET=utf8mb4 COLLATE=utf8mb4_bin;

LOCK TABLES `kt_news` WRITE;
/*!40000 ALTER TABLE `kt_news` DISABLE KEYS */;

INSERT INTO `kt_news` (`id`, `name`, `writer`, `p_time`, `content`, `type_id`, `c_time`, `status`, `desc`)
VALUES
	(1,X'31323365343233',X'33333233',1493725126,X'3C703E3C7374726F6E67207374796C653D22666F6E742D66616D696C793A207461686F6D612C20617269616C2C20E5AE8BE4BD933B20666F6E742D73697A653A20313470783B206C696E652D6865696768743A2032352E3270783B2077686974652D73706163653A206E6F726D616C3B206261636B67726F756E642D636F6C6F723A20726762283235352C203235352C20323535293B223E61727261795F6B657973282920E5AE9AE4B989E5928CE794A8E6B395266E6273703B3C62722F3E3C2F7374726F6E673E3C7370616E207374796C653D22666F6E742D66616D696C793A207461686F6D612C20617269616C2C20E5AE8BE4BD933B20666F6E742D73697A653A20313470783B206C696E652D6865696768743A2032352E3270783B206261636B67726F756E642D636F6C6F723A20726762283235352C203235352C20323535293B223E61727261795F6B657973282920E587BDE695B0E8BF94E59B9EE58C85E590ABE695B0E7BB84E4B8ADE68980E69C89E994AEE5908DE79A84E4B880E4B8AAE696B0E695B0E7BB84E38082266E6273703B3C2F7370616E3E3C62722F3E3C62722F3E3C7370616E207374796C653D22666F6E742D66616D696C793A207461686F6D612C20617269616C2C20E5AE8BE4BD933B20666F6E742D73697A653A20313470783B206C696E652D6865696768743A2032352E3270783B206261636B67726F756E642D636F6C6F723A20726762283235352C203235352C20323535293B223EE5A682E69E9CE68F90E4BE9BE4BA86E7ACACE4BA8CE4B8AAE58F82E695B0EFBC8CE58899E58FAAE8BF94E59B9EE994AEE580BCE4B8BAE8AFA5E580BCE79A84E994AEE5908DE38082266E6273703B3C2F7370616E3E3C62722F3E3C62722F3E3C7370616E207374796C653D22666F6E742D66616D696C793A207461686F6D612C20617269616C2C20E5AE8BE4BD933B20666F6E742D73697A653A20313470783B206C696E652D6865696768743A2032352E3270783B206261636B67726F756E642D636F6C6F723A20726762283235352C203235352C20323535293B223EE5A682E69E9C2073747269637420E58F82E695B0E68C87E5AE9AE4B8BA2074727565EFBC8CE588992050485020E4BC9AE4BDBFE794A8E585A8E7AD89E6AF94E8BE8320283D3D3D2920E69DA5E4B8A5E6A0BCE6A380E69FA5E994AEE580BCE79A84E695B0E68DAEE7B1BBE59E8BE38082266E6273703B3C2F7370616E3E3C62722F3E3C62722F3E3C7370616E207374796C653D22666F6E742D66616D696C793A207461686F6D612C20617269616C2C20E5AE8BE4BD933B20666F6E742D73697A653A20313470783B206C696E652D6865696768743A2032352E3270783B206261636B67726F756E642D636F6C6F723A20726762283235352C203235352C20323535293B223EE8AFADE6B395266E6273703B3C2F7370616E3E3C62722F3E3C7370616E207374796C653D22666F6E742D66616D696C793A207461686F6D612C20617269616C2C20E5AE8BE4BD933B20666F6E742D73697A653A20313470783B206C696E652D6865696768743A2032352E3270783B206261636B67726F756E642D636F6C6F723A20726762283235352C203235352C20323535293B223E61727261795F6B6579732861727261792C76616C756529266E6273703B3C2F7370616E3E3C62722F3E3C7370616E207374796C653D22666F6E742D66616D696C793A207461686F6D612C20617269616C2C20E5AE8BE4BD933B20666F6E742D73697A653A20313470783B206C696E652D6865696768743A2032352E3270783B206261636B67726F756E642D636F6C6F723A20726762283235352C203235352C20323535293B223EE58F82E695B020E68F8FE8BFB0266E6273703B3C2F7370616E3E3C62722F3E3C7370616E207374796C653D22666F6E742D66616D696C793A207461686F6D612C20617269616C2C20E5AE8BE4BD933B20666F6E742D73697A653A20313470783B206C696E652D6865696768743A2032352E3270783B206261636B67726F756E642D636F6C6F723A20726762283235352C203235352C20323535293B223E617272617920E5BF85E99C80E38082E8A784E5AE9AE8BE93E585A5E79A84E695B0E7BB84E38082266E6273703B3C2F7370616E3E3C62722F3E3C7370616E207374796C653D22666F6E742D66616D696C793A207461686F6D612C20617269616C2C20E5AE8BE4BD933B20666F6E742D73697A653A20313470783B206C696E652D6865696768743A2032352E3270783B206261636B67726F756E642D636F6C6F723A20726762283235352C203235352C20323535293B223E76616C756520E58FAFE98089E38082E68C87E5AE9AE580BCE79A84E7B4A2E5BC95EFBC88E994AEEFBC89E38082266E6273703B3C2F7370616E3E3C62722F3E3C7370616E207374796C653D22666F6E742D66616D696C793A207461686F6D612C20617269616C2C20E5AE8BE4BD933B20666F6E742D73697A653A20313470783B206C696E652D6865696768743A2032352E3270783B206261636B67726F756E642D636F6C6F723A20726762283235352C203235352C20323535293B223E73747269637420E58FAFE98089E38082E4B88E2076616C756520E58F82E695B0E4B880E8B5B7E4BDBFE794A8E38082E58FAFE883BDE79A84E580BCEFBC9A266E6273703B3C2F7370616E3E3C62722F3E3C62722F3E3C7370616E207374796C653D22666F6E742D66616D696C793A207461686F6D612C20617269616C2C20E5AE8BE4BD933B20666F6E742D73697A653A20313470783B206C696E652D6865696768743A2032352E3270783B206261636B67726F756E642D636F6C6F723A20726762283235352C203235352C20323535293B223E74727565202D20E6A0B9E68DAEE7B1BBE59E8BE8BF94E59B9EE5B8A6E69C89E68C87E5AE9AE580BCE79A84E994AEE5908DE38082266E6273703B3C2F7370616E3E3C62722F3E3C7370616E207374796C653D22666F6E742D66616D696C793A207461686F6D612C20617269616C2C20E5AE8BE4BD933B20666F6E742D73697A653A20313470783B206C696E652D6865696768743A2032352E3270783B206261636B67726F756E642D636F6C6F723A20726762283235352C203235352C20323535293B223E66616C7365202D20E9BB98E8AEA4E580BCE38082E4B88DE4BE9DE8B596E7B1BBE59E8BE38082266E6273703B3C2F7370616E3E3C2F703E',2,0,2,X''),
	(2,X'323232',X'32',2,X'3C703E64616461733C2F703E',1,0,1,X'');

/*!40000 ALTER TABLE `kt_news` ENABLE KEYS */;
UNLOCK TABLES;


# Dump of table kt_news_type
# ------------------------------------------------------------

DROP TABLE IF EXISTS `kt_news_type`;

CREATE TABLE `kt_news_type` (
  `id` int(11) unsigned NOT NULL AUTO_INCREMENT,
  `name` varchar(255) COLLATE utf8mb4_bin DEFAULT NULL,
  `c_time` int(11) DEFAULT NULL,
  `status` tinyint(1) DEFAULT NULL,
  PRIMARY KEY (`id`)
) ENGINE=InnoDB DEFAULT CHARSET=utf8mb4 COLLATE=utf8mb4_bin;

LOCK TABLES `kt_news_type` WRITE;
/*!40000 ALTER TABLE `kt_news_type` DISABLE KEYS */;

INSERT INTO `kt_news_type` (`id`, `name`, `c_time`, `status`)
VALUES
	(1,X'E696B0E997BBE58AA8E68081',1493627191,1),
	(2,X'E585ACE58FB8E58AA8E68081',1493627204,1),
	(3,X'E4BAA7E59381E58897E8A1A8',1493627212,1);

/*!40000 ALTER TABLE `kt_news_type` ENABLE KEYS */;
UNLOCK TABLES;


# Dump of table kt_sys
# ------------------------------------------------------------

DROP TABLE IF EXISTS `kt_sys`;

CREATE TABLE `kt_sys` (
  `id` int(11) unsigned NOT NULL AUTO_INCREMENT,
  PRIMARY KEY (`id`)
) ENGINE=InnoDB DEFAULT CHARSET=utf8mb4 COLLATE=utf8mb4_bin;



# Dump of table kt_sys_admin
# ------------------------------------------------------------

DROP TABLE IF EXISTS `kt_sys_admin`;

CREATE TABLE `kt_sys_admin` (
  `id` int(11) unsigned NOT NULL AUTO_INCREMENT,
  `account` varchar(50) COLLATE utf8mb4_bin DEFAULT NULL,
  `pwd` varchar(50) COLLATE utf8mb4_bin DEFAULT NULL,
  `c_time` int(11) DEFAULT '0',
  `status` tinyint(1) DEFAULT '0',
  `role_id` int(11) NOT NULL DEFAULT '0',
  PRIMARY KEY (`id`)
) ENGINE=InnoDB DEFAULT CHARSET=utf8mb4 COLLATE=utf8mb4_bin;

LOCK TABLES `kt_sys_admin` WRITE;
/*!40000 ALTER TABLE `kt_sys_admin` DISABLE KEYS */;

INSERT INTO `kt_sys_admin` (`id`, `account`, `pwd`, `c_time`, `status`, `role_id`)
VALUES
	(1,X'61646D696E',X'3231323332663239376135376135613734333839346130653461383031666333',0,1,2),
	(2,X'31',X'6334636134323338613062393233383230646363353039613666373538343962',1493739581,1,3);

/*!40000 ALTER TABLE `kt_sys_admin` ENABLE KEYS */;
UNLOCK TABLES;


# Dump of table kt_sys_auth
# ------------------------------------------------------------

DROP TABLE IF EXISTS `kt_sys_auth`;

CREATE TABLE `kt_sys_auth` (
  `id` int(11) unsigned NOT NULL AUTO_INCREMENT,
  `menu_id` int(11) DEFAULT '0',
  `operation_id` int(11) DEFAULT '0',
  `c_time` int(11) DEFAULT '0',
  `status` tinyint(1) DEFAULT '1',
  PRIMARY KEY (`id`),
  UNIQUE KEY `menu_op` (`menu_id`,`operation_id`)
) ENGINE=InnoDB DEFAULT CHARSET=utf8mb4 COLLATE=utf8mb4_bin;

LOCK TABLES `kt_sys_auth` WRITE;
/*!40000 ALTER TABLE `kt_sys_auth` DISABLE KEYS */;

INSERT INTO `kt_sys_auth` (`id`, `menu_id`, `operation_id`, `c_time`, `status`)
VALUES
	(4,2,1,1493548647,NULL),
	(5,2,2,1493548647,NULL),
	(6,2,3,1493548647,NULL),
	(7,2,4,1493548647,NULL),
	(8,2,5,1493548647,NULL);

/*!40000 ALTER TABLE `kt_sys_auth` ENABLE KEYS */;
UNLOCK TABLES;


# Dump of table kt_sys_field_type
# ------------------------------------------------------------

DROP TABLE IF EXISTS `kt_sys_field_type`;

CREATE TABLE `kt_sys_field_type` (
  `id` int(11) unsigned NOT NULL AUTO_INCREMENT,
  `text` varchar(255) COLLATE utf8mb4_bin NOT NULL DEFAULT '11' COMMENT '文本',
  `number` int(11) NOT NULL DEFAULT '0' COMMENT '数字',
  `radio` int(11) NOT NULL DEFAULT '1' COMMENT '单选框',
  `checkbox` varchar(255) COLLATE utf8mb4_bin NOT NULL DEFAULT '1' COMMENT '复选框',
  `select` varchar(50) COLLATE utf8mb4_bin NOT NULL DEFAULT '1' COMMENT 'select框',
  `select_multiple` int(11) DEFAULT NULL COMMENT 'select多选',
  `select_chosen` int(11) DEFAULT NULL COMMENT 'select选中',
  `textarea` varchar(255) COLLATE utf8mb4_bin NOT NULL COMMENT '多行文本',
  `time` int(11) DEFAULT NULL COMMENT '时间选择',
  `day` int(11) DEFAULT NULL COMMENT '日期选择',
  `upload` varchar(255) COLLATE utf8mb4_bin DEFAULT NULL COMMENT '文件上传',
  `upload_multiple` varchar(255) COLLATE utf8mb4_bin DEFAULT NULL COMMENT '多文件上传',
  `upload_view` int(11) DEFAULT NULL COMMENT '上传预览',
  `color` varchar(50) COLLATE utf8mb4_bin DEFAULT NULL COMMENT '颜色选择',
  `editor` text COLLATE utf8mb4_bin COMMENT '富文本',
  PRIMARY KEY (`id`)
) ENGINE=InnoDB DEFAULT CHARSET=utf8mb4 COLLATE=utf8mb4_bin COMMENT='Ads';

LOCK TABLES `kt_sys_field_type` WRITE;
/*!40000 ALTER TABLE `kt_sys_field_type` DISABLE KEYS */;

INSERT INTO `kt_sys_field_type` (`id`, `text`, `number`, `radio`, `checkbox`, `select`, `select_multiple`, `select_chosen`, `textarea`, `time`, `day`, `upload`, `upload_multiple`, `upload_view`, `color`, `editor`)
VALUES
	(1,X'3131',1212,1,X'31',X'31',NULL,NULL,X'',NULL,NULL,NULL,NULL,NULL,NULL,NULL),
	(2,X'3131',0,1,X'31',X'31',NULL,NULL,X'',NULL,NULL,NULL,NULL,NULL,NULL,NULL);

/*!40000 ALTER TABLE `kt_sys_field_type` ENABLE KEYS */;
UNLOCK TABLES;


# Dump of table kt_sys_fields
# ------------------------------------------------------------

DROP TABLE IF EXISTS `kt_sys_fields`;

CREATE TABLE `kt_sys_fields` (
  `id` int(11) unsigned NOT NULL AUTO_INCREMENT,
  `table` varchar(50) COLLATE utf8mb4_bin DEFAULT NULL,
  `field` varchar(50) COLLATE utf8mb4_bin DEFAULT NULL,
  `type` varchar(20) COLLATE utf8mb4_bin DEFAULT '0',
  `length` tinyint(3) DEFAULT '0',
  `default` varchar(50) COLLATE utf8mb4_bin DEFAULT NULL,
  `comment` varchar(255) COLLATE utf8mb4_bin DEFAULT NULL,
  `remark` varchar(255) COLLATE utf8mb4_bin DEFAULT NULL,
  `name` varchar(50) COLLATE utf8mb4_bin DEFAULT NULL,
  `edit_type` varchar(20) COLLATE utf8mb4_bin DEFAULT NULL,
  `required` tinyint(1) NOT NULL DEFAULT '1' COMMENT '是否必填',
  `width` tinyint(3) DEFAULT '10',
  `sort` int(11) DEFAULT '0',
  `key` tinyint(1) DEFAULT '0',
  `c_time` int(11) DEFAULT '0',
  `status` tinyint(1) DEFAULT '1',
  `model_id` int(11) DEFAULT '0',
  `rule` varchar(255) COLLATE utf8mb4_bin DEFAULT NULL,
  `data_from` varchar(255) COLLATE utf8mb4_bin DEFAULT NULL,
  `is_display` tinyint(1) DEFAULT '1',
  `is_edit` tinyint(1) DEFAULT '1',
  `is_search` tinyint(1) DEFAULT '1',
  PRIMARY KEY (`id`)
) ENGINE=InnoDB DEFAULT CHARSET=utf8mb4 COLLATE=utf8mb4_bin;

LOCK TABLES `kt_sys_fields` WRITE;
/*!40000 ALTER TABLE `kt_sys_fields` DISABLE KEYS */;

INSERT INTO `kt_sys_fields` (`id`, `table`, `field`, `type`, `length`, `default`, `comment`, `remark`, `name`, `edit_type`, `required`, `width`, `sort`, `key`, `c_time`, `status`, `model_id`, `rule`, `data_from`, `is_display`, `is_edit`, `is_search`)
VALUES
	(9,NULL,X'6964',X'31',0,NULL,NULL,NULL,X'4944',NULL,1,10,0,0,0,1,1,NULL,NULL,1,0,1),
	(10,NULL,X'6E616D65',X'30',0,X'',NULL,X'',X'E88F9CE58D95E5908D',X'31',1,4,0,0,1493528263,1,1,X'',X'',1,1,1),
	(11,NULL,X'6D6F64656C5F6964',X'30',0,X'',NULL,X'E98089E68BA9E6A8A1E59E8B',X'E6A8A1E59E8BE5908D',X'38',1,4,2,0,1493528375,1,1,X'',X'6765745F7379735F6D6F64656C73',1,1,1),
	(12,NULL,X'75705F6964',X'30',0,X'',NULL,X'E98089E68BA9E4B88AE7BAA7E88F9CE58D95',X'E4B88AE7BAA7E88F9CE58D95',X'38',1,4,1,0,1493528448,1,1,X'',X'6765745F7379735F6D656E7573',1,1,1),
	(13,NULL,X'736F7274',X'30',0,X'',NULL,X'',X'E68E92E5BA8F',X'32',1,2,5,0,1493528549,1,1,X'',X'',1,1,1),
	(14,NULL,X'6E616D65',X'30',0,X'',NULL,X'',X'E6A8A1E59E8BE5908D',X'31',1,4,1,0,1493534108,1,2,X'',X'',1,1,1),
	(15,NULL,X'7461626C65',X'30',0,X'',NULL,X'',X'E6A8A1E59E8BE8A1A8',X'38',1,4,2,0,1493534129,1,2,X'',X'6765745F7461626C6573',1,1,0),
	(16,NULL,X'6964',X'30',0,X'',NULL,X'',X'6964',X'32',1,4,0,0,1493534155,1,2,X'',X'',1,0,1),
	(18,NULL,X'6F7065726174696F6E',X'30',0,X'',NULL,X'',X'E6938DE4BD9C',X'3136',1,8,9,0,1493546562,1,1,X'',X'6765745F6F7065726174696F6E',1,1,0),
	(19,NULL,X'636F6C6F725F636C617373',X'30',0,X'',NULL,X'',X'E68C89E992AEE9A29CE889B2',X'34',1,8,2,0,1493619674,1,6,X'',X'62746E2D64656661756C743AE799BDE889B23B62746E2D7072696D6172793AE8939DE889B23B62746E2D737563636573733AE7BBBFE889B23B62746E2D7761726E696E673AE9BB84E889B23B62746E2D64616E6765723AE7BAA2E889B23B',1,1,1),
	(20,NULL,X'6E616D65',X'30',0,X'',NULL,X'',X'E6938DE4BD9CE5908D',X'31',1,4,0,0,1493619676,1,6,X'',X'',1,1,1),
	(21,NULL,X'6576656E745F636C617373',X'30',0,X'',NULL,X'',X'E4BA8BE4BBB6E7B1BBE5908D',X'31',1,4,3,0,1493619729,1,6,X'',X'',1,1,1),
	(22,NULL,X'6F70656E5F74797065',X'30',0,X'',NULL,X'',X'E68993E5BC80E7B1BBE59E8B',X'34',1,4,4,0,1493619806,1,6,X'',X'333A414A41585F4745543B313AE5BCB9E7AA973B323AE9A1B5E99DA23B',1,1,1),
	(23,NULL,X'74797065',X'30',0,X'',NULL,X'',X'E4BD8DE7BDAE',X'34',1,4,5,0,1493619847,1,6,X'',X'313AE9A1B6E983A83B323AE58897E8A1A83B',1,1,1),
	(24,NULL,X'736F7274',X'30',0,X'',NULL,X'',X'E68E92E5BA8F',X'32',1,4,6,0,1493619860,1,6,X'',X'',1,1,1),
	(25,NULL,X'75726C',X'30',0,X'',NULL,X'',X'E4BA8BE4BBB6E993BEE68EA5',X'31',1,4,7,0,1493619895,1,6,X'',X'',1,1,1),
	(26,NULL,X'6964',X'30',0,X'',NULL,X'',X'4944',X'31',1,4,0,0,1493619913,1,6,X'',X'',1,0,1),
	(27,NULL,X'6E616D65',X'30',0,X'',NULL,X'',X'E5908DE7A7B0',X'31',1,4,1,0,1493627131,1,7,X'',X'',1,1,1),
	(28,NULL,X'6964',X'30',0,X'',NULL,X'',X'4944',X'31',1,4,0,0,1493627145,1,7,X'',X'',1,0,1),
	(29,NULL,X'635F74696D65',X'30',0,X'',NULL,X'',X'E5889BE5BBBAE697B6E997B4',X'39',1,4,2,0,1493627167,1,7,X'',X'',1,0,1),
	(30,NULL,X'6964',X'30',0,X'',NULL,X'',X'4944',X'31',1,4,1,0,1493627501,1,5,X'',X'',1,0,1),
	(31,NULL,X'6E616D65',X'30',0,X'',NULL,X'',X'E69687E7ABA0E5908D',X'31',1,4,2,0,1493627534,1,5,X'',X'',1,1,1),
	(32,NULL,X'636F6E74656E74',X'30',0,X'',NULL,X'',X'E69687E7ABA0E58685E5AEB932',X'3135',1,8,8,0,1493627555,1,5,X'',X'',0,1,0),
	(33,NULL,X'747970655F6964',X'30',0,X'',NULL,X'',X'E69687E7ABA0E58886E7B1BB',X'38',1,4,3,0,1493627746,1,5,X'',X'6765745F7461626C655F646174617C6E6577735F74797065',1,1,0),
	(34,NULL,X'737461747573',X'30',0,X'',NULL,X'',X'E78AB6E68081',X'34',1,4,9,0,1493627802,1,5,X'',X'313AE58F91E5B8833B323AE7A681E794A83B',1,0,1),
	(35,NULL,X'75726C',X'30',0,X'',NULL,X'',X'E887AAE5AE9AE4B989E993BEE68EA5',X'31',1,4,10,0,1493722055,1,1,X'',X'',0,1,1),
	(36,NULL,X'706172616D',X'30',0,X'',NULL,X'',X'E887AAE5AE9AE4B989E58F82E695B0',X'31',1,4,11,0,1493722078,1,1,X'',X'',1,1,1),
	(37,NULL,X'636C617373',X'30',0,X'',NULL,X'',X'E59BBEE6A087',X'31',1,2,12,0,1493722470,1,1,X'',X'',1,1,1),
	(38,NULL,X'737461747573',X'30',0,X'',NULL,X'',X'E78AB6E68081',X'34',1,2,13,0,1493724276,1,1,X'',X'313AE5B7B2E590AFE794A83B323AE5B7B2E7A681E794A83B',1,0,1),
	(39,NULL,X'6E616D65',X'30',0,X'',NULL,X'',X'E69687E7ABA0E5908D',X'31',1,4,1,0,1493725061,1,8,X'',X'',1,1,1),
	(40,NULL,X'6964',X'30',0,X'',NULL,X'',X'4944',X'31',1,4,0,0,1493725070,1,8,X'',X'',1,0,1),
	(41,NULL,X'777269746572',X'30',0,X'',NULL,X'',X'E4BD9CE88085',X'31',1,4,2,0,1493725079,1,8,X'',X'',1,1,1),
	(42,NULL,X'705F74696D65',X'30',0,X'',NULL,X'',X'E58F91E5B883E697B6E997B4',X'39',1,4,3,0,1493725093,1,8,X'',X'',1,1,1),
	(43,NULL,X'636F6E74656E74',X'30',0,X'',NULL,X'',X'E58685E5AEB9',X'3135',1,8,4,0,1493725164,1,8,X'',X'',0,1,0),
	(44,NULL,X'747970655F6964',X'30',0,X'',NULL,X'',X'E69687E7ABA0E58886E7B1BB',X'38',1,4,2,0,1493725196,1,8,X'',X'6765745F7461626C655F646174617C6E6577735F74797065',1,1,1),
	(45,NULL,X'737461747573',X'30',0,X'',NULL,X'',X'E78AB6E68081',X'34',1,4,9,0,1493725324,1,8,X'',X'313AE590AFE794A83B323AE7A681E794A83B',1,0,1),
	(46,NULL,X'6964',X'30',0,X'',NULL,X'',X'4944',X'31',1,4,0,0,1493725665,1,9,X'',X'',1,0,1),
	(47,NULL,X'7469746C65',X'30',0,X'',NULL,X'E7BD91E7AB99E5908DE7A7B0',X'E7BD91E7AB99E5908DE7A7B0',X'31',1,4,1,0,1493725700,1,9,X'',X'',1,1,1),
	(48,NULL,X'6B6579776F726473',X'30',0,X'',NULL,X'E7BD91E7AB99E585B3E994AEE8AF8D',X'E7BD91E7AB99E585B3E994AEE8AF8D',X'31',1,8,2,0,1493725708,1,9,X'',X'',1,1,1),
	(49,NULL,X'64657363',X'30',0,X'',NULL,X'E7BD91E7AB99E68F8FE8BFB0',X'E7BD91E7AB99E68F8FE8BFB0',X'31',1,8,3,0,1493725727,1,9,X'',X'',1,1,1),
	(50,NULL,X'6C6F676F',X'30',0,X'',NULL,X'',X'E7BD91E7AB996C6F676F',X'3131',1,4,4,0,1493725767,1,9,X'',X'',1,1,1),
	(51,NULL,X'7171',X'30',0,X'',NULL,X'',X'7171E58FB7',X'32',1,4,5,0,1493727493,1,9,X'',X'',1,1,1),
	(52,NULL,X'6964',X'30',0,X'',NULL,X'',X'4944',X'31',1,4,0,0,1493728649,1,10,X'',X'',1,0,1),
	(53,NULL,X'6E616D65',X'30',0,X'',NULL,X'',X'E8A792E889B2E5908DE7A7B0',X'31',1,4,1,0,1493728661,1,10,X'',X'',1,1,1),
	(55,NULL,X'6964',X'30',0,X'',NULL,X'',X'4944',X'31',1,4,0,0,1493728712,1,11,X'',X'',1,0,1),
	(56,NULL,X'6163636F756E74',X'30',0,X'',NULL,X'',X'E8B4A6E58FB7',X'31',1,4,1,0,1493728721,1,11,X'',X'',1,1,1),
	(57,NULL,X'707764',X'30',0,X'',NULL,X'',X'E5AF86E7A081',X'3137',1,4,2,0,1493728735,1,11,X'',X'',1,1,1),
	(58,NULL,X'726F6C655F6964',X'30',0,X'',NULL,X'',X'E8A792E889B2',X'38',1,4,3,0,1493744670,1,11,X'',X'6765745F7461626C655F646174617C7379735F726F6C65',1,1,0),
	(59,NULL,X'64657363',X'30',0,X'',NULL,X'',X'6D69616F736875',X'33',1,8,4,0,1493774275,1,5,X'',X'',0,1,0),
	(60,NULL,X'6964',X'30',0,X'',NULL,X'',X'4944',X'31',1,4,0,0,1493774914,1,12,X'',X'',1,0,1),
	(61,NULL,X'696D67',X'30',0,X'',NULL,X'',X'696D67',X'3131',1,4,0,0,1493774927,1,12,X'',X'',1,1,1),
	(62,NULL,X'6964',X'30',0,X'',NULL,X'',X'4944',X'31',1,4,0,0,1493778567,1,13,X'',X'',1,0,1),
	(63,NULL,X'6E616D65',X'30',0,X'',NULL,X'',X'E5A793E5908D',X'31',1,4,1,0,1493778581,1,13,X'',X'',1,1,1),
	(64,NULL,X'707764',X'30',0,X'',NULL,X'',X'E5AF86E7A081',X'3137',1,4,2,0,1493778592,1,13,X'',X'',1,1,1),
	(65,NULL,X'736578',X'30',0,X'',NULL,X'',X'E680A7E588AB',X'34',1,4,3,0,1493778645,1,13,X'',X'313AE794B73B323AE5A5B33B',1,1,1),
	(66,NULL,X'746F757869616E67',X'30',0,X'',NULL,X'',X'E5A4B4E5838F',X'3131',1,4,4,0,1493778673,1,13,X'',X'',1,1,1),
	(67,NULL,X'616765',X'30',0,X'',NULL,X'',X'E5B9B4E9BE84',X'32',1,4,5,0,1493778684,1,13,X'',X'',1,1,1),
	(68,NULL,X'737461747573',X'30',0,X'',NULL,X'',X'E78AB6E68081',X'34',1,4,12,0,1493778710,1,13,X'',X'313AE590AFE794A83B323AE7A681E794A83B',1,0,1),
	(69,NULL,X'6964',X'30',0,X'',NULL,X'',X'4944',X'31',1,4,0,0,1493782212,1,15,X'',X'',1,0,1),
	(70,NULL,X'736578',X'30',0,X'',NULL,X'',X'736578',X'32',1,4,1,0,1493782281,1,15,X'',X'',1,1,1);

/*!40000 ALTER TABLE `kt_sys_fields` ENABLE KEYS */;
UNLOCK TABLES;


# Dump of table kt_sys_fieldtype
# ------------------------------------------------------------

DROP TABLE IF EXISTS `kt_sys_fieldtype`;

CREATE TABLE `kt_sys_fieldtype` (
  `id` int(11) unsigned NOT NULL AUTO_INCREMENT,
  `name` varchar(255) COLLATE utf8mb4_bin DEFAULT NULL,
  `content` tinyint(4) DEFAULT NULL,
  `c_time` int(11) DEFAULT '0',
  PRIMARY KEY (`id`)
) ENGINE=InnoDB DEFAULT CHARSET=utf8mb4 COLLATE=utf8mb4_bin;

LOCK TABLES `kt_sys_fieldtype` WRITE;
/*!40000 ALTER TABLE `kt_sys_fieldtype` DISABLE KEYS */;

INSERT INTO `kt_sys_fieldtype` (`id`, `name`, `content`, `c_time`)
VALUES
	(1,X'74657874',NULL,0),
	(2,X'6E756D626572',NULL,0),
	(3,X'7465787461726561',NULL,0),
	(4,X'726164696F',NULL,0),
	(5,X'636865636B626F78',NULL,0),
	(6,X'73656C656374',NULL,0),
	(7,X'73656C6563745F6D756C7469706C65',NULL,0),
	(8,X'73656C6563745F63686F7365',NULL,0),
	(9,X'74696D65',NULL,0),
	(10,X'75706C6F61645F66696C65',NULL,0),
	(11,X'75706C6F61645F696D67',NULL,0),
	(12,X'75706C6F61645F66696C6573',NULL,0),
	(13,X'75706C6F61645F696D6773',NULL,0),
	(14,X'636F6C6F72',NULL,0),
	(15,X'75655F656469746F72',NULL,0),
	(16,X'6F7065726174696F6E',NULL,0),
	(17,X'70617373776F7264',NULL,0);

/*!40000 ALTER TABLE `kt_sys_fieldtype` ENABLE KEYS */;
UNLOCK TABLES;


# Dump of table kt_sys_logs
# ------------------------------------------------------------

DROP TABLE IF EXISTS `kt_sys_logs`;

CREATE TABLE `kt_sys_logs` (
  `id` int(11) unsigned NOT NULL AUTO_INCREMENT,
  `username` varchar(255) COLLATE utf8mb4_bin DEFAULT NULL,
  `ip` varchar(20) COLLATE utf8mb4_bin NOT NULL COMMENT 'ip地址',
  `created_at` timestamp NOT NULL DEFAULT CURRENT_TIMESTAMP ON UPDATE CURRENT_TIMESTAMP COMMENT '创建时间',
  PRIMARY KEY (`id`)
) ENGINE=InnoDB DEFAULT CHARSET=utf8mb4 COLLATE=utf8mb4_bin;

LOCK TABLES `kt_sys_logs` WRITE;
/*!40000 ALTER TABLE `kt_sys_logs` DISABLE KEYS */;

INSERT INTO `kt_sys_logs` (`id`, `username`, `ip`, `created_at`)
VALUES
	(1,X'61646D696E',X'302E302E302E30','2017-04-17 14:12:10'),
	(2,X'61646D696E',X'302E302E302E30','2017-04-17 14:22:02'),
	(3,X'31',X'31','2017-04-24 11:56:20'),
	(4,X'31',X'31','2017-04-24 11:56:24');

/*!40000 ALTER TABLE `kt_sys_logs` ENABLE KEYS */;
UNLOCK TABLES;


# Dump of table kt_sys_menu
# ------------------------------------------------------------

DROP TABLE IF EXISTS `kt_sys_menu`;

CREATE TABLE `kt_sys_menu` (
  `id` int(11) unsigned NOT NULL AUTO_INCREMENT,
  `name` varchar(50) COLLATE utf8mb4_bin NOT NULL COMMENT '菜单名',
  `action` varchar(255) COLLATE utf8mb4_bin NOT NULL DEFAULT '' COMMENT '控制器',
  `model_id` int(11) DEFAULT '0',
  `up_id` int(11) DEFAULT '0',
  `sort` tinyint(1) DEFAULT '0',
  `c_time` int(11) DEFAULT '0',
  `status` tinyint(1) DEFAULT '1',
  `operation` varchar(255) COLLATE utf8mb4_bin DEFAULT NULL,
  `url` varchar(255) COLLATE utf8mb4_bin DEFAULT NULL,
  `param` varchar(50) COLLATE utf8mb4_bin DEFAULT NULL,
  `class` varchar(255) COLLATE utf8mb4_bin DEFAULT NULL,
  PRIMARY KEY (`id`)
) ENGINE=InnoDB DEFAULT CHARSET=utf8mb4 COLLATE=utf8mb4_bin COMMENT='后台菜单表';

LOCK TABLES `kt_sys_menu` WRITE;
/*!40000 ALTER TABLE `kt_sys_menu` DISABLE KEYS */;

INSERT INTO `kt_sys_menu` (`id`, `name`, `action`, `model_id`, `up_id`, `sort`, `c_time`, `status`, `operation`, `url`, `param`, `class`)
VALUES
	(1,X'E5BC80E58F91E5B7A5E585B7',X'',0,0,1,0,1,X'',X'',X'',X'676C79706869636F6E20676C79706869636F6E2D636F6D70726573736564'),
	(2,X'E88F9CE58D95E7AEA1E79086',X'',1,1,13,0,1,X'312C322C352C332C34',X'',X'',X''),
	(3,X'E6A8A1E59E8BE7AEA1E79086',X'',2,1,0,0,1,X'382C342C332C32',NULL,NULL,NULL),
	(4,X'E69687E7ABA0E7AEA1E79086',X'',0,0,5,1493529040,1,X'',X'',X'',X'676C79706869636F6E20676C79706869636F6E2D6C6973742D616C74'),
	(5,X'E69687E7ABA0E58897E8A1A8',X'',5,4,1,1493529117,1,X'322C352C332C342C392C3130',X'',X'',X''),
	(6,X'E6938DE4BD9CE58897E8A1A8',X'',6,1,5,0,1,X'322C352C33',X'',X'',X''),
	(8,X'E69687E7ABA0E58886E7B1BB',X'',7,4,6,1493626992,1,X'362C372C342C332C312C322C35',NULL,NULL,NULL),
	(9,X'E59BBEE78987E7AEA1E79086',X'',0,0,6,1493687440,1,X'31',X'',X'',X'676C79706869636F6E20676C79706869636F6E2D70696374757265'),
	(13,X'E9A696E9A1B5E59BBEE78987',X'',0,9,10,1493687510,1,X'362C342C332C312C322C35',X'687474703A2F2F7777772E62616964752E636F6D',X'2669643D31',NULL),
	(14,X'E88F9CE58D95E59BBEE6A087',X'',0,1,5,1493722757,1,X'31',X'2F696E6465782E7068702F61646D696E2F636F6D6D6F6E2F6D656E755F69636F6E',X'',X''),
	(21,X'E7B3BBE7BB9FE8AEBEE7BDAE',X'',0,0,2,1493725606,1,X'',X'',X'',X'676C79706869636F6E20676C79706869636F6E2D636F67'),
	(22,X'E7B3BBE7BB9FE8AEBEE7BDAE',X'',9,21,2,1493725630,1,X'33',X'',X'',X'676C79706869636F6E20676C79706869636F6E2D636F67'),
	(23,X'E695B0E68DAEE5BA93E8AEBEE8AEA1',X'',0,1,0,1493726758,1,X'31',X'2F696E6465782E7068702F61646D696E2F646576656C6F702F7461626C655F6C697374',X'',X''),
	(24,X'E7AEA1E79086E59198E8AEBEE7BDAE',X'',0,0,3,1493728180,1,X'',X'',X'',X'676C79706869636F6E20676C79706869636F6E2D75736572'),
	(25,X'E8A792E889B2E8AEBEE7BDAE',X'',10,24,0,1493728233,1,X'322C31312C332C342C36',X'',X'',X''),
	(26,X'E7AEA1E79086E59198E58897E8A1A8',X'',11,24,15,1493728307,1,X'322C352C332C342C362C392C3130',X'',X'',X''),
	(27,X'74757069616E',X'',12,4,0,1493774610,1,X'322C352C332C34',X'',X'',X''),
	(28,X'E4BC9AE59198E7AEA1E79086',X'',0,0,116,1493778295,1,X'31',X'',X'',X'676C79706869636F6E20676C79706869636F6E2D7468'),
	(29,X'E4BC9AE59198E58897E8A1A8',X'',13,28,0,1493778329,1,X'322C332C342C362C392C3130',X'',X'',X''),
	(30,X'E7AD89E7BAA7E8AEBEE7BDAE',X'',14,28,0,1493778944,1,X'322C352C332C342C362C392C3130',X'',X'',X''),
	(32,X'E4BC9AE59198E8AEBEE7BDAE',X'',15,28,0,1493781384,1,X'312C322C332C34',X'',X'',X'');

/*!40000 ALTER TABLE `kt_sys_menu` ENABLE KEYS */;
UNLOCK TABLES;


# Dump of table kt_sys_model
# ------------------------------------------------------------

DROP TABLE IF EXISTS `kt_sys_model`;

CREATE TABLE `kt_sys_model` (
  `id` int(11) unsigned NOT NULL AUTO_INCREMENT,
  `name` varchar(255) COLLATE utf8mb4_bin DEFAULT NULL,
  `c_time` int(11) DEFAULT '0',
  `status` tinyint(1) DEFAULT '1',
  `table` varchar(50) COLLATE utf8mb4_bin DEFAULT NULL,
  PRIMARY KEY (`id`)
) ENGINE=InnoDB DEFAULT CHARSET=utf8mb4 COLLATE=utf8mb4_bin;

LOCK TABLES `kt_sys_model` WRITE;
/*!40000 ALTER TABLE `kt_sys_model` DISABLE KEYS */;

INSERT INTO `kt_sys_model` (`id`, `name`, `c_time`, `status`, `table`)
VALUES
	(1,X'E88F9CE58D95E6A8A1E59E8B',1,1,X'7379735F6D656E75'),
	(2,X'E6A8A1E59E8BE8AEBEE7BDAE',0,1,X'7379735F6D6F64656C'),
	(3,X'E9A696E9A1B5E585ACE5918A',0,1,X'6E6F74696365'),
	(5,X'E69687E7ABA0E6A8A1E59E8B',0,1,X'6E657773'),
	(6,X'E6938DE4BD9CE6A8A1E59E8B',0,1,X'7379735F6F7065726174696F6E'),
	(7,X'E69687E7ABA0E58886E7B1BBE6A8A1E59E8B',0,1,X'6E6577735F74797065'),
	(8,X'E69687E7ABA0E6A8A1E59E8B32',1493724953,1,X'6E657773'),
	(9,X'E7B3BBE7BB9FE8AEBEE7BDAE',1493725588,1,X'7379735F736574'),
	(10,X'E8A792E889B2E8AEBEE7BDAE',1493728456,1,X'7379735F726F6C65'),
	(11,X'E7AEA1E79086E59198E6A8A1E59E8B',1493728476,1,X'7379735F61646D696E'),
	(12,X'74757069616E',1493774867,1,X'7470'),
	(13,X'E4BC9AE59198E6A8A1E59E8B',1493778350,1,X'75736572'),
	(14,X'E4BC9AE59198E7AD89E7BAA7E6A8A1E59E8B',1493780966,1,X'757365725F72616E6B'),
	(15,X'E4BC9AE59198E8AEBEE7BDAEE6A8A1E59E8B',1493782135,1,X'757365725F736574');

/*!40000 ALTER TABLE `kt_sys_model` ENABLE KEYS */;
UNLOCK TABLES;


# Dump of table kt_sys_operation
# ------------------------------------------------------------

DROP TABLE IF EXISTS `kt_sys_operation`;

CREATE TABLE `kt_sys_operation` (
  `id` int(11) unsigned NOT NULL AUTO_INCREMENT,
  `name` varchar(255) COLLATE utf8mb4_bin DEFAULT NULL,
  `color_class` varchar(50) COLLATE utf8mb4_bin DEFAULT NULL,
  `event_class` varchar(50) COLLATE utf8mb4_bin DEFAULT NULL,
  `content` text COLLATE utf8mb4_bin,
  `open_type` tinyint(3) DEFAULT '0',
  `type` tinyint(1) DEFAULT '1',
  `sort` tinyint(1) DEFAULT NULL,
  `is_diy` tinyint(1) DEFAULT '1',
  `url` varchar(255) COLLATE utf8mb4_bin DEFAULT NULL,
  PRIMARY KEY (`id`)
) ENGINE=InnoDB DEFAULT CHARSET=utf8mb4 COLLATE=utf8mb4_bin;

LOCK TABLES `kt_sys_operation` WRITE;
/*!40000 ALTER TABLE `kt_sys_operation` DISABLE KEYS */;

INSERT INTO `kt_sys_operation` (`id`, `name`, `color_class`, `event_class`, `content`, `open_type`, `type`, `sort`, `is_diy`, `url`)
VALUES
	(1,X'E698BEE7A4BA',X'62746E2D64656661756C74',X'',NULL,1,1,0,1,X''),
	(2,X'E5A29EE58AA0',X'62746E2D7072696D617279',X'775F6F70656E',NULL,1,1,0,1,X'2F696E6465782E7068702F61646D696E2F636F6D6D6F6E2F656469745F646174613F6D656E755F69643D7B6D656E755F69647D2669643D30'),
	(3,X'E7BC96E8BE91',X'62746E2D7072696D617279',X'775F6F70656E',NULL,1,2,2,1,X'2F696E6465782E7068702F61646D696E2F636F6D6D6F6E2F656469745F646174613F6D656E755F69643D7B6D656E755F69647D2669643D7B69647D'),
	(4,X'E588A0E999A4',X'62746E2D64616E676572',X'775F64656C',NULL,1,2,4,1,X''),
	(5,X'E69FA5E79C8B',X'62746E2D73756363657373',X'775F6F70656E',NULL,1,2,0,1,X'2F696E6465782E7068702F61646D696E2F636F6D6D6F6E2F646174615F64657461696C3F6D656E755F69643D7B6D656E755F69647D2669643D7B69647D'),
	(6,X'E689B9E9878FE588A0E999A4',X'62746E2D64616E676572',X'775F64656C73',NULL,1,1,6,1,X''),
	(7,X'E69687E7ABA0E58897E8A1A8',X'62746E2D7761726E696E67',X'775F6F70656E',NULL,2,2,5,1,X'2F696E6465782E7068702F61646D696E2F636F6D6D6F6E2F646174615F6C6973743F6D656E755F69643D3526747970655F69643D7B69647D'),
	(8,X'E5AD97E6AEB5E7AEA1E79086',X'62746E2D64656661756C74',X'775F6F70656E',NULL,2,2,9,1,X'2F696E6465782E7068702F61646D696E2F646576656C6F702F6D6F64656C5F6669656C64732E68746D6C3F6D6F64656C5F69643D7B69647D'),
	(9,X'E590AFE794A8',X'62746E2D73756363657373',X'775F6F70656E',NULL,3,2,9,1,X'2F696E6465782E7068702F61646D696E2F636F6D6D6F6E2F6368616E67655F7374617475733F6D656E755F69643D7B6D656E755F69647D2669643D7B69647D267374617475733D31'),
	(10,X'E7A681E794A8',X'62746E2D64656661756C74',X'775F6F70656E',NULL,3,2,10,1,X'2F696E6465782E7068702F61646D696E2F636F6D6D6F6E2F6368616E67655F7374617475733F6D656E755F69643D7B6D656E755F69647D2669643D7B69647D267374617475733D32'),
	(11,X'E69D83E99990E8AEBEE7BDAE',X'62746E2D7761726E696E67',X'775F6F70656E',NULL,1,2,0,1,X'2F696E6465782E7068702F61646D696E2F636F6D6D6F6E2F726F6C655F617574683F6D656E755F69643D7B6D656E755F69647D2669643D7B69647D');

/*!40000 ALTER TABLE `kt_sys_operation` ENABLE KEYS */;
UNLOCK TABLES;


# Dump of table kt_sys_role
# ------------------------------------------------------------

DROP TABLE IF EXISTS `kt_sys_role`;

CREATE TABLE `kt_sys_role` (
  `id` int(11) unsigned NOT NULL AUTO_INCREMENT,
  `name` varchar(255) COLLATE utf8mb4_bin NOT NULL,
  `auth_ids` text COLLATE utf8mb4_bin,
  `c_time` int(11) DEFAULT NULL,
  `status` tinyint(1) DEFAULT NULL,
  PRIMARY KEY (`id`)
) ENGINE=InnoDB DEFAULT CHARSET=utf8mb4 COLLATE=utf8mb4_bin;

LOCK TABLES `kt_sys_role` WRITE;
/*!40000 ALTER TABLE `kt_sys_role` DISABLE KEYS */;

INSERT INTO `kt_sys_role` (`id`, `name`, `auth_ids`, `c_time`, `status`)
VALUES
	(2,X'E8B685E7BAA7E7AEA1E79086E59198',X'7B2233223A5B2232222C2233222C2234222C2238225D2C223233223A5B2231225D2C2236223A5B2232222C2235222C2233225D2C223134223A5B2231225D2C2232223A5B2231222C2232222C2235222C2233222C2234225D2C223232223A5B2233225D2C223235223A5B2232222C223131222C2233222C2234222C2236225D2C223236223A5B2232222C2235222C2233222C2234222C2236222C2239222C223130225D2C223237223A5B2232222C2235222C2233222C2234225D2C2235223A5B2232222C2235222C2233222C2234222C2239222C223130225D2C2238223A5B2231222C2232222C2235222C2233222C2234222C2237222C2236225D2C223239223A5B2232222C2239222C223130225D2C223330223A5B2232222C2235222C2233222C2234222C2236222C2239222C223130225D2C223332223A5B2231222C2232222C2233222C2234225D7D',1493740075,1),
	(3,X'E69687E7ABA0E7AEA1E79086E59198',X'7B2235223A5B2232222C2235222C2233222C2234222C2236225D2C2238223A5B2231222C2232222C2235222C2233222C2234222C2237222C2236225D7D',1493740098,1);

/*!40000 ALTER TABLE `kt_sys_role` ENABLE KEYS */;
UNLOCK TABLES;


# Dump of table kt_sys_set
# ------------------------------------------------------------

DROP TABLE IF EXISTS `kt_sys_set`;

CREATE TABLE `kt_sys_set` (
  `id` int(11) unsigned NOT NULL AUTO_INCREMENT,
  `title` varchar(50) DEFAULT NULL,
  `keywords` varchar(255) DEFAULT NULL,
  `desc` varchar(255) DEFAULT NULL,
  `logo` varchar(255) DEFAULT NULL,
  `c_time` int(11) DEFAULT '0',
  `foot` varchar(255) NOT NULL,
  `qq` varchar(20) NOT NULL,
  PRIMARY KEY (`id`)
) ENGINE=InnoDB DEFAULT CHARSET=utf8mb4;

LOCK TABLES `kt_sys_set` WRITE;
/*!40000 ALTER TABLE `kt_sys_set` DISABLE KEYS */;

INSERT INTO `kt_sys_set` (`id`, `title`, `keywords`, `desc`, `logo`, `c_time`, `foot`, `qq`)
VALUES
	(1,'1212','23232','2323','',1493725784,'','');

/*!40000 ALTER TABLE `kt_sys_set` ENABLE KEYS */;
UNLOCK TABLES;


# Dump of table kt_sys_table
# ------------------------------------------------------------

DROP TABLE IF EXISTS `kt_sys_table`;

CREATE TABLE `kt_sys_table` (
  `id` int(11) unsigned NOT NULL AUTO_INCREMENT,
  `table` varchar(50) COLLATE utf8mb4_bin DEFAULT NULL,
  `remark` varchar(255) COLLATE utf8mb4_bin DEFAULT NULL,
  `engine` varchar(50) COLLATE utf8mb4_bin DEFAULT NULL,
  `c_time` int(11) DEFAULT '0',
  `status` tinyint(1) DEFAULT '1',
  PRIMARY KEY (`id`)
) ENGINE=InnoDB DEFAULT CHARSET=utf8mb4 COLLATE=utf8mb4_bin;



# Dump of table kt_tp
# ------------------------------------------------------------

DROP TABLE IF EXISTS `kt_tp`;

CREATE TABLE `kt_tp` (
  `id` int(11) unsigned NOT NULL AUTO_INCREMENT,
  `img` varchar(255) COLLATE utf8mb4_bin NOT NULL,
  PRIMARY KEY (`id`)
) ENGINE=InnoDB DEFAULT CHARSET=utf8mb4 COLLATE=utf8mb4_bin COMMENT='tp';

LOCK TABLES `kt_tp` WRITE;
/*!40000 ALTER TABLE `kt_tp` DISABLE KEYS */;

INSERT INTO `kt_tp` (`id`, `img`)
VALUES
	(1,X'2F75706C6F6164732F32303137303530332F323031373035303330393239313235363938353435352E706E67');

/*!40000 ALTER TABLE `kt_tp` ENABLE KEYS */;
UNLOCK TABLES;


# Dump of table kt_user
# ------------------------------------------------------------

DROP TABLE IF EXISTS `kt_user`;

CREATE TABLE `kt_user` (
  `id` int(11) unsigned NOT NULL AUTO_INCREMENT,
  `name` varchar(50) COLLATE utf8mb4_bin NOT NULL,
  `pwd` varchar(50) COLLATE utf8mb4_bin NOT NULL,
  `sex` tinyint(1) NOT NULL DEFAULT '1',
  `touxiang` varchar(255) COLLATE utf8mb4_bin NOT NULL,
  `age` int(3) NOT NULL,
  `status` tinyint(1) NOT NULL,
  PRIMARY KEY (`id`)
) ENGINE=InnoDB DEFAULT CHARSET=utf8mb4 COLLATE=utf8mb4_bin COMMENT=' 会员表';

LOCK TABLES `kt_user` WRITE;
/*!40000 ALTER TABLE `kt_user` DISABLE KEYS */;

INSERT INTO `kt_user` (`id`, `name`, `pwd`, `sex`, `touxiang`, `age`, `status`)
VALUES
	(1,X'31',X'6334636134323338613062393233383230646363353039613666373538343962',1,X'2F75706C6F6164732F32303137303530332F323031373035303331303332303034383530343834392E6A7067',12,2);

/*!40000 ALTER TABLE `kt_user` ENABLE KEYS */;
UNLOCK TABLES;


# Dump of table kt_user_rank
# ------------------------------------------------------------

DROP TABLE IF EXISTS `kt_user_rank`;

CREATE TABLE `kt_user_rank` (
  `id` int(11) unsigned NOT NULL AUTO_INCREMENT,
  PRIMARY KEY (`id`)
) ENGINE=InnoDB DEFAULT CHARSET=utf8mb4 COLLATE=utf8mb4_bin COMMENT='会员等级表';



# Dump of table kt_user_set
# ------------------------------------------------------------

DROP TABLE IF EXISTS `kt_user_set`;

CREATE TABLE `kt_user_set` (
  `id` int(11) unsigned NOT NULL AUTO_INCREMENT,
  `sex` int(3) NOT NULL,
  PRIMARY KEY (`id`)
) ENGINE=InnoDB DEFAULT CHARSET=utf8mb4 COLLATE=utf8mb4_bin COMMENT='会员设置';




/*!40111 SET SQL_NOTES=@OLD_SQL_NOTES */;
/*!40101 SET SQL_MODE=@OLD_SQL_MODE */;
/*!40014 SET FOREIGN_KEY_CHECKS=@OLD_FOREIGN_KEY_CHECKS */;
/*!40101 SET CHARACTER_SET_CLIENT=@OLD_CHARACTER_SET_CLIENT */;
/*!40101 SET CHARACTER_SET_RESULTS=@OLD_CHARACTER_SET_RESULTS */;
/*!40101 SET COLLATION_CONNECTION=@OLD_COLLATION_CONNECTION */;
